created_YY_week,no_posts
2011_02,2
2011_03,1
2011_04,4
2011_06,3
2011_07,1
2011_10,1
2011_11,4
2011_12,2
2011_14,2
2011_16,4
2011_17,3
2011_18,1
2011_19,2
2011_20,1
2011_21,1
2011_22,2
2011_23,3
2011_24,6
2011_25,16
2011_26,3
2011_27,14
2011_28,50
2011_29,28
2011_30,23
2011_31,39
2011_32,49
2011_33,57
2011_34,72
2011_35,75
2011_36,14
2011_37,24
2011_38,17
2011_39,44
2011_40,20
2011_41,15
2011_42,12
2011_43,18
2011_44,46
2011_45,10
2011_46,15
2011_47,15
2011_48,66
2011_49,55
2011_50,19
2011_51,35
2011_52,14
2012_01,20
2012_02,21
2012_03,9
2012_04,7
2012_05,14
2012_06,8
2012_07,21
2012_08,16
2012_09,17
2012_10,20
2012_11,24
2012_12,16
2012_13,37
2012_14,51
2012_15,43
2012_16,34
2012_17,33
2012_18,29
2012_19,29
2012_20,24
2012_21,40
2012_22,32
2012_23,38
2012_24,60
2012_25,25
2012_26,17
2012_27,12
2012_28,33
2012_29,42
2012_30,31
2012_31,25
2012_32,8
2012_33,60
2012_34,41
2012_35,27
2012_36,33
2012_37,34
2012_38,35
2012_39,32
2012_40,31
2012_41,14
2012_42,25
2012_43,37
2012_44,49
2012_45,37
2012_46,31
2012_47,20
2012_48,36
2012_49,32
2012_50,27
2012_51,63
2012_52,30
2013_01,57
2013_02,64
2013_03,53
2013_04,52
2013_05,71
2013_06,95
2013_07,70
2013_08,86
2013_09,71
2013_10,40
2013_11,55
2013_12,41
2013_13,76
2013_14,57
2013_15,42
2013_16,57
2013_17,51
2013_18,60
2013_19,52
2013_20,62
2013_21,42
2013_22,37
2013_23,21
2013_24,40
2013_25,30
2013_26,51
2013_27,52
2013_28,57
2013_29,85
2013_30,112
2013_31,86
2013_32,43
2013_33,37
2013_34,50
2013_35,50
2013_36,38
2013_37,40
2013_38,36
2013_39,31
2013_40,30
2013_41,70
2013_42,52
2013_43,61
2013_44,70
2013_45,82
2013_46,48
2013_47,112
2013_48,49
2013_49,100
2013_50,59
2013_51,104
2013_52,71
2014_01,52
2014_02,42
2014_03,108
2014_04,51
2014_05,88
2014_06,49
2014_07,82
2014_08,66
2014_09,42
2014_10,58
2014_11,57
2014_12,119
2014_13,68
2014_14,65
2014_15,82
2014_16,65
2014_17,35
2014_18,50
2014_19,31
2014_20,49
2014_21,78
2014_22,44
2014_23,32
2014_24,41
2014_25,34
2014_26,37
2014_27,45
2014_28,20
2014_29,60
2014_30,33
2014_31,28
2014_32,23
2014_33,33
2014_34,25
2014_35,43
2014_36,26
2014_37,62
2014_38,58
2014_39,42
2014_40,42
2014_41,44
2014_42,50
2014_43,59
2014_44,92
2014_45,68
2014_46,82
2014_47,133
2014_48,49
2014_49,105
2014_50,95
2014_51,107
2014_52,47
2015_01,154
2015_02,62
2015_03,71
2015_04,81
2015_05,76
2015_06,80
2015_07,57
2015_08,100
2015_09,140
2015_10,86
2015_11,82
2015_12,110
2015_13,110
2015_14,92
2015_15,52
2015_16,96
2015_17,56
2015_18,129
2015_19,57
2015_20,95
2015_21,119
2015_22,132
2015_23,144
2015_24,170
2015_25,177
2015_26,160
2015_27,121
2015_28,159
2015_29,154
2015_30,91
2015_31,89
2015_32,128
2015_33,187
2015_34,139
2015_35,133
2015_36,187
2015_37,218
2015_38,238
2015_39,187
2015_40,149
2015_41,117
2015_42,137
2015_43,203
2015_44,170
2015_45,105
2015_46,167
2015_47,150
2015_48,87
2015_49,184
2015_50,187
2015_51,268
2015_52,134
2015_53,112
2016_01,97
2016_02,127
2016_03,138
2016_04,120
2016_05,110
2016_06,102
2016_07,93
2016_08,158
2016_09,81
2016_10,98
2016_11,95
2016_12,116
2016_13,171
2016_14,123
2016_15,111
2016_16,131
2016_17,92
2016_18,108
2016_19,127
2016_20,84
2016_21,68
2016_22,37
2016_23,73
2016_24,73
2016_25,74
2016_26,78
2016_27,63
2016_28,79
2016_29,123
2016_30,108
2016_31,125
2016_32,120
2016_33,175
2016_34,165
2016_35,231
2016_36,394
2016_37,366
2016_38,354
2016_39,345
2016_40,422
2016_41,347
2016_42,335
2016_43,219
2016_44,274
2016_45,320
2016_46,177
2016_47,153
2016_48,194
2016_49,204
2016_50,198
2016_51,178
2016_52,133
2017_01,251
2017_02,268
2017_03,422
2017_04,464
2017_05,386
2017_06,418
2017_07,439
2017_08,494
2017_09,324
2017_10,308
2017_11,484
2017_12,331
2017_13,328
2017_14,380
2017_15,330
2017_16,422
2017_17,376
2017_18,312
2017_19,351
2017_20,351
2017_21,403
2017_22,404
2017_23,383
2017_24,422
2017_25,462
2017_26,440
2017_27,376
2017_28,493
2017_29,575
2017_30,409
2017_31,418
2017_32,434
2017_33,440
2017_34,412
2017_35,238
2017_39,50
2017_40,537
2017_41,524
2017_42,420
2017_43,478
2017_44,504
2017_45,478
2017_46,593
2017_47,491
2017_48,635
2017_49,600
2017_50,549
2017_51,559
2017_52,416
2018_01,684
2018_02,718
2018_03,649
2018_04,565
2018_05,300
2018_13,56
2018_14,686
2018_15,686
2018_16,683
2018_17,683
2018_18,639
2018_19,540
2018_20,704
2018_21,508
2018_22,553
2018_23,566
2018_24,578
2018_25,535
2018_26,598
2018_27,504
2018_28,597
2018_29,528
2018_30,533
2018_31,712
2018_32,618
2018_33,725
2018_34,646
2018_35,767
2018_36,937
2018_37,904
2018_38,928
2018_39,951
2018_40,866
2018_41,851
2018_42,718
2018_43,704
2018_44,780
2018_45,601
2018_46,754
2018_47,623
2018_48,869
2018_49,994
2018_50,940
2018_51,723
2018_52,596
2019_01,765
2019_02,940
2019_03,1032
2019_04,1022
2019_05,1091
2019_06,1016
2019_07,1070
2019_08,1056
2019_09,1176
2019_10,995
2019_11,823
2019_12,1044
2019_13,1068
2019_14,962
2019_15,939
2019_16,964
2019_17,1013
2019_18,1032
2019_19,1003
2019_20,1096
2019_21,1059
2019_22,1130
2019_23,1162
2019_24,1076
2019_25,1057
2019_26,900
2019_27,795
2019_28,828
2019_29,1225
2019_30,845
2019_31,1027
2019_32,1100
2019_33,1234
2019_34,983
2019_35,1006
2019_36,1108
2019_37,1095
2019_38,1219
2019_39,1098
2019_40,1108
2019_41,1162
2019_42,1218
2019_43,1133
2019_44,1162
2019_45,1304
2019_46,1260
2019_47,1123
2019_48,1032
2019_49,1051
2019_50,1269
2019_51,1354
2019_52,945
2020_01,1106
2020_02,1180
2020_03,1290
2020_04,1332
2020_05,1399
2020_06,1407
2020_07,1440
2020_08,1289
2020_09,1377
2020_10,1358
2020_11,1446
2020_12,1541
2020_13,1313
2020_14,1229
2020_15,1231
2020_16,1114
2020_17,1140
2020_18,981
2020_19,1125
2020_20,1309
2020_21,1023
2020_22,1178
2020_23,1642
2020_24,1609
2020_25,1546
2020_26,1543
2020_27,1501
2020_28,1591
2020_29,1553
2020_30,1568
2020_31,1499
2020_32,1792
2020_33,1666
2020_34,1666
2020_35,2186
2020_36,1863
2020_37,1799
2020_38,1611
2020_39,1345
2020_40,1874
2020_41,1966
2020_42,1687
2020_43,1572
2020_44,1764
2020_45,1557
2020_46,1751
2020_47,1824
2020_48,1520
2020_49,1594
2020_50,1658
2020_51,1555
2020_52,1766
2020_53,1588
2021_01,1958
2021_02,1996
2021_03,1785
2021_04,1255
2021_05,922
2021_06,1855
2021_07,1669
2021_08,1620
2021_09,1040
2021_10,2273
2021_11,715
2021_12,331
2021_13,2054
2021_14,1439
2021_15,1538
2021_16,2051
2021_17,2140
2021_18,2092
2021_19,1982
2021_20,2103
2021_21,1893
2021_22,2062
2021_23,2223
2021_24,2334
2021_25,2041
2021_26,2241
2021_27,2029
2021_28,2451
2021_29,2551
2021_30,2960
2021_31,3461
2021_32,3363
2021_33,3062
2021_34,3437
2021_35,3157
2021_36,3487
2021_37,3490
2021_38,3447
2021_39,2831
2021_40,2840
2021_41,3165
2021_42,2951
2021_43,3001
2021_44,3093
2021_45,3185
2021_46,3384
2021_47,3092
2021_48,3249
2021_49,3119
2021_50,3334
2021_51,3075
2021_52,3296
2022_01,3651
2022_02,3682
2022_03,3634
2022_04,4264
2022_05,3765
2022_06,3565
2022_07,3370
2022_08,4178
2022_09,4143
2022_10,4204
2022_11,4389
2022_12,4822
2022_13,4882
2022_14,4189
2022_15,4726
2022_16,4405
2022_17,4905
2022_18,5358
2022_19,4999
2022_20,5287
2022_21,5049
2022_22,4503
2022_23,4669
2022_24,4627
2022_25,4864
2022_26,5291
2022_27,2441
